profundidad,exactitud_entrenamiento,exactitud_validacion,hojas
1,0.5208,0.5186,2
2,0.5488,0.5467,4
3,0.6191,0.6214,8
4,0.6833,0.6782,15
5,0.7147,0.7085,29
6,0.7384,0.7366,52
7,0.7496,0.7455,89
8,0.7774,0.7736,157
9,0.8009,0.7979,271
10,0.8301,0.8245,436
11,0.8531,0.8447,652
12,0.8712,0.8611,921
13,0.8855,0.8769,1229
14,0.9007,0.8872,1556
15,0.9119,0.8976,1864
16,0.921,0.9047,2159
17,0.9265,0.9085,2402
18,0.932,0.914,2605
19,0.9365,0.9139,2763
20,0.941,0.9192,2889
21,0.9434,0.9211,2986
22,0.9447,0.9236,3059
23,0.9454,0.9246,3100
24,0.9465,0.9251,3126
25,0.947,0.9263,3150
26,0.9474,0.926,3162
27,0.9476,0.9266,3175
28,0.9476,0.9266,3187
29,0.9477,0.9266,3188
30,0.9477,0.9266,3189
