estacion,grupo,salidas_dia_habil,zona
Calle 57,Destino de la mañana (pico 7:00),39741,Zona A Caracas
Flores – Areandina,Destino de la mañana (pico 7:00),39284,Zona A Caracas
Calle 76 - San Felipe,Destino de la mañana (pico 7:00),32336,Zona A Caracas
Calle 45,Destino de la mañana (pico 7:00),30828,Zona A Caracas
Calle 100 - Marketmedios,Destino de la mañana (pico 7:00),30146,Zona B AutoNorte
Avenida Jimenez,Destino de la mañana (pico 7:00),28717,Zona J Eje Ambiental
Calle 34,Destino de la mañana (pico 7:00),24693,Zona A Caracas
SAN VICTORINO - NEOS CENTRO,Destino de la mañana (pico 7:00),23483,Zona L Carrera 10
Alcalá – Colegio S. Tomás Dominicos,Destino de la mañana (pico 7:00),23385,Zona B AutoNorte
Calle 127,Destino de la mañana (pico 7:00),20759,Zona B AutoNorte
AV. CHILE,Destino de la mañana (pico 7:00),18300,Zona E NQS Central
Museo del Oro,Destino de la mañana (pico 7:00),18066,Zona J Eje Ambiental
Museo Nacional,Destino de la mañana (pico 7:00),16716,Zona L Carrera 10
Pradera – Plaza Central,Destino de la mañana (pico 7:00),16687,Zona F Av. Américas
PALOQUEMAO,Destino de la mañana (pico 7:00),16101,Zona E NQS Central
Calle 19,Destino de la mañana (pico 7:00),16054,Zona A Caracas
Pepe Sierra,Destino de la mañana (pico 7:00),15756,Zona B AutoNorte
Calle 85,Destino de la mañana (pico 7:00),15400,Zona B AutoNorte
Calle 106,Destino de la mañana (pico 7:00),15176,Zona B AutoNorte
Las Aguas - Centro Colombo Americano,Destino de la mañana (pico 7:00),14902,Zona J Eje Ambiental
El Tiempo - Camara de Comercio de Bogota,Destino de la mañana (pico 7:00),14561,Zona K Calle 26
Avenida 39,Destino de la mañana (pico 7:00),14462,Zona A Caracas
Heroes - Gel hada,Destino de la mañana (pico 7:00),14050,Zona B AutoNorte
EL CAMPIN,Destino de la mañana (pico 7:00),14034,Zona E NQS Central
U. NACIONAL,Destino de la mañana (pico 7:00),13924,Zona E NQS Central
NQS - RICAURTE,Destino de la mañana (pico 7:00),13906,Zona E NQS Central
7 de Agosto,Destino de la mañana (pico 7:00),13842,Zona E NQS Central
NIZA - CALLE 127,Destino de la mañana (pico 7:00),13808,Zona C Av. Suba
Las Nieves,Destino de la mañana (pico 7:00),13766,Zona L Carrera 10
Cable Portal Tunal,Destino de la mañana (pico 7:00),13617,Zona T Ciudad Bolívar
CAD,Destino de la mañana (pico 7:00),13586,Zona E NQS Central
Universidades – CityU,Destino de la mañana (pico 7:00),13532,Zona K Calle 26
Virrey,Destino de la mañana (pico 7:00),12672,Zona B AutoNorte
Prado,Destino de la mañana (pico 7:00),11820,Zona B AutoNorte
Tygua-San José,Destino de la mañana (pico 7:00),11602,Zona E NQS Central
Américas - Cr.53,Destino de la mañana (pico 7:00),11573,Zona F Av. Américas
Avenida 68,Destino de la mañana (pico 7:00),11347,Zona D Calle 80
Av. Suba- Calle 116,Destino de la mañana (pico 7:00),11277,Zona C Av. Suba
CAN,Destino de la mañana (pico 7:00),11152,Zona K Calle 26
Hortúa,Destino de la mañana (pico 7:00),10271,Zona H Caracas Sur
Calle 22,Destino de la mañana (pico 7:00),9556,Zona A Caracas
MOVISTAR ARENA,Destino de la mañana (pico 7:00),9477,Zona E NQS Central
Av. Rojas – UNISALESIANA,Destino de la mañana (pico 7:00),9422,Zona K Calle 26
Zona Industrial,Destino de la mañana (pico 7:00),8751,Zona F Calle 13
SUBA - CALLE 95,Destino de la mañana (pico 7:00),8724,Zona C Av. Suba
Río Fucha,Destino de la mañana (pico 7:00),8681,Zona H Caracas Sur
Normandía,Destino de la mañana (pico 7:00),8400,Zona K Calle 26
SUBA - CALLE 100,Destino de la mañana (pico 7:00),8348,Zona C Av. Suba
SUBA - AV. BOYACA,Destino de la mañana (pico 7:00),8306,Zona C Av. Suba
Tercer Milenio,Destino de la mañana (pico 7:00),7971,Zona H Caracas Sur
Polo –  FINCOMERCIO,Destino de la mañana (pico 7:00),7964,Zona D Calle 80
Carrera 22,Destino de la mañana (pico 7:00),7881,Zona F Calle 13
Mazurén,Destino de la mañana (pico 7:00),7854,Zona B AutoNorte
Modelia,Destino de la mañana (pico 7:00),7826,Zona K Calle 26
La Sabana,Destino de la mañana (pico 7:00),7813,Zona F Calle 13
Recinto Ferial,Destino de la mañana (pico 7:00),7579,Zona K Calle 26
Salitre El Greco,Destino de la mañana (pico 7:00),7530,Zona K Calle 26
San Diego,Destino de la mañana (pico 7:00),7295,Zona L Carrera 10
CASTELLANA,Destino de la mañana (pico 7:00),7294,Zona E NQS Central
Gobernación,Destino de la mañana (pico 7:00),7225,Zona K Calle 26
Calle 75 - Zona M,Destino de la mañana (pico 7:00),7124,Zona E NQS Central
Carrera 43 - COMAPAN,Destino de la mañana (pico 7:00),7083,Zona F Calle 13
Guatoque -Veraguas,Destino de la mañana (pico 7:00),6795,Zona E NQS Central
San Bernardo,Destino de la mañana (pico 7:00),6710,Zona L Carrera 10
PUENTE LARGO,Destino de la mañana (pico 7:00),6591,Zona C Av. Suba
Ricaurte,Destino de la mañana (pico 7:00),6170,Zona F Calle 13
Centro Memoria,Destino de la mañana (pico 7:00),6140,Zona K Calle 26
Av. El Dorado,Destino de la mañana (pico 7:00),6129,Zona E NQS Central
Calle 161,Destino de la mañana (pico 7:00),5905,Zona B AutoNorte
Ciudad Universitaria - Loteria de Bogota,Destino de la mañana (pico 7:00),5569,Zona K Calle 26
CDS - Carrera 32,Destino de la mañana (pico 7:00),5377,Zona F Calle 13
RIO NEGRO,Destino de la mañana (pico 7:00),4889,Zona C Av. Suba
Puente Aranda,Destino de la mañana (pico 7:00),4263,Zona F Calle 13
Las Ferias,Destino de la mañana (pico 7:00),3987,Zona D Calle 80
Carrera 53,Destino de la mañana (pico 7:00),3942,Zona D Calle 80
Quinta Paredes,Destino de la mañana (pico 7:00),3930,Zona K Calle 26
Carrera 47,Destino de la mañana (pico 7:00),3379,Zona D Calle 80
HUMEDAL CORDOBA,Destino de la mañana (pico 7:00),2574,Zona C Av. Suba
Concejo de Bogotá,Destino de la mañana (pico 7:00),2557,Zona K Calle 26
Hospital,Destino de la mañana (pico 7:00),2004,Zona H Caracas Sur
Escuela Militar,Destino de la mañana (pico 7:00),1604,Zona D Calle 80
SAN MARTIN,Destino de la mañana (pico 7:00),1242,Zona C Av. Suba
GRATAMIRA,Destino de la mañana (pico 7:00),1194,Zona C Av. Suba
Cabecera Autopista Norte,Regreso de la tarde (pico 18:00),80517,Zona B AutoNorte
Portal Américas,Regreso de la tarde (pico 18:00),74922,Zona F Av. Américas
Portal Sur JFK Coop. Financiera,Regreso de la tarde (pico 18:00),67355,Zona G NQS Sur
Cabecera Calle 80,Regreso de la tarde (pico 18:00),63608,Zona D Calle 80
Portal Suba,Regreso de la tarde (pico 18:00),59987,Zona C Av. Suba
Portal Eldorado,Regreso de la tarde (pico 18:00),58768,Zona K Calle 26
Cabecera Usme,Regreso de la tarde (pico 18:00),54824,Zona H Caracas Sur
Portal Tunal,Regreso de la tarde (pico 18:00),53684,Zona H Caracas Sur
Banderas P. Central,Regreso de la tarde (pico 18:00),46394,Zona F Av. Américas
Portal 20 de Julio,Regreso de la tarde (pico 18:00),40870,Zona L Carrera 10
TERREROS,Regreso de la tarde (pico 18:00),32344,Zona G NQS Sur
Toberin - Foundever,Regreso de la tarde (pico 18:00),29738,Zona B AutoNorte
Ampliacion San Mateo,Regreso de la tarde (pico 18:00),27993,Zona G NQS Sur
Av. Primero de Mayo,Regreso de la tarde (pico 18:00),25359,Zona L Carrera 10
SAN MATEO - C.C. UNISUR,Regreso de la tarde (pico 18:00),23782,Zona G NQS Sur
Molinos,Regreso de la tarde (pico 18:00),23546,Zona H Caracas Sur
Tintal,Regreso de la tarde (pico 18:00),20930,Zona F Av. Américas
Restrepo,Regreso de la tarde (pico 18:00),19278,Zona H Caracas Sur
SUBA - TV- 91,Regreso de la tarde (pico 18:00),18812,Zona C Av. Suba
LEON XIII,Regreso de la tarde (pico 18:00),15859,Zona G NQS Sur
Terminal,Regreso de la tarde (pico 18:00),15089,Zona B AutoNorte
Corral Molinos,Regreso de la tarde (pico 18:00),14937,Zona H Caracas Sur
Calle 146,Regreso de la tarde (pico 18:00),14641,Zona B AutoNorte
Calle 40 Sur,Regreso de la tarde (pico 18:00),13834,Zona H Caracas Sur
Santa Lucía,Regreso de la tarde (pico 18:00),13489,Zona H Caracas Sur
COMUNEROS,Regreso de la tarde (pico 18:00),12938,Zona G NQS Sur
Bosa,Regreso de la tarde (pico 18:00),11458,Zona G NQS Sur
Avenida Boyaca,Regreso de la tarde (pico 18:00),11017,Zona D Calle 80
SANTA ISABEL,Regreso de la tarde (pico 18:00),10916,Zona G NQS Sur
Calle 142,Regreso de la tarde (pico 18:00),10885,Zona B AutoNorte
Country Sur,Regreso de la tarde (pico 18:00),10784,Zona L Carrera 10
VENECIA,Regreso de la tarde (pico 18:00),10616,Zona G NQS Sur
NQS - Calle 38A Sur,Regreso de la tarde (pico 18:00),10108,Zona G NQS Sur
ALQUERIA,Regreso de la tarde (pico 18:00),9622,Zona G NQS Sur
Carrera 77,Regreso de la tarde (pico 18:00),9451,Zona D Calle 80
Olaya,Regreso de la tarde (pico 18:00),9379,Zona H Caracas Sur
Centro Comercial Santa Fe,Regreso de la tarde (pico 18:00),9358,Zona B AutoNorte
Marsella,Regreso de la tarde (pico 18:00),9346,Zona F Av. Américas
Minuto de Dios,Regreso de la tarde (pico 18:00),9211,Zona D Calle 80
General Santander,Regreso de la tarde (pico 18:00),9122,Zona G NQS Sur
MADELENA,Regreso de la tarde (pico 18:00),8583,Zona G NQS Sur
PERDOMO,Regreso de la tarde (pico 18:00),8325,Zona G NQS Sur
Mirador del Paraiso,Regreso de la tarde (pico 18:00),8208,Zona T Ciudad Bolívar
Bicentenario,Regreso de la tarde (pico 18:00),7778,Zona L Carrera 10
Av. Américas - Av. Boyacá,Regreso de la tarde (pico 18:00),7459,Zona F Av. Américas
Avenida Ciudad de Cali,Regreso de la tarde (pico 18:00),7091,Zona D Calle 80
NQS - Calle 30 Sur,Regreso de la tarde (pico 18:00),6812,Zona G NQS Sur
Quiroga,Regreso de la tarde (pico 18:00),6754,Zona H Caracas Sur
Carrera 90,Regreso de la tarde (pico 18:00),6368,Zona D Calle 80
Transversal 86,Regreso de la tarde (pico 18:00),6200,Zona F Av. Américas
Nariño,Regreso de la tarde (pico 18:00),5702,Zona H Caracas Sur
Quirigua,Regreso de la tarde (pico 18:00),4730,Zona D Calle 80
Policarpa,Regreso de la tarde (pico 18:00),4675,Zona L Carrera 10
La Granja,Regreso de la tarde (pico 18:00),4465,Zona D Calle 80
DESPENSA,Regreso de la tarde (pico 18:00),4241,Zona G NQS Sur
SEVILLANA,Regreso de la tarde (pico 18:00),4214,Zona G NQS Sur
LA CAMPIÑA,Regreso de la tarde (pico 18:00),4127,Zona C Av. Suba
Biblioteca,Regreso de la tarde (pico 18:00),3888,Zona H Caracas Sur
Juan Pablo II,Regreso de la tarde (pico 18:00),3843,Zona T Ciudad Bolívar
Ciudad Jardín,Regreso de la tarde (pico 18:00),3513,Zona L Carrera 10
Parque el Tunal,Regreso de la tarde (pico 18:00),3323,Zona H Caracas Sur
Consuelo,Regreso de la tarde (pico 18:00),3212,Zona H Caracas Sur
21 ANGELES,Regreso de la tarde (pico 18:00),2963,Zona C Av. Suba
Socorro,Regreso de la tarde (pico 18:00),2646,Zona H Caracas Sur
Manitas,Regreso de la tarde (pico 18:00),2493,Zona T Ciudad Bolívar
Mandalay - Cr.73,Regreso de la tarde (pico 18:00),1819,Zona F Av. Américas
